Workbook

Sheet Datos_Escalon
A2: DATOS DEL ESCALÓN DE REFERENCIA (escalera acumulada)
A4: N° salto | B4: Tiempo (s) | C4: Incremento Δr (rad) | D4: Incremento Δr (°) | E4: Valor anterior (rad) | F4: Nivel objetivo (rad) | G4: Nivel objetivo (°)
A5: 1 | B5: 1 | C5: 0.0017453 | D5: =DEGREES(C5) -> 0.099998324 | E5: 0 | F5: =E5+C5 -> 0.0017453 | G5: =DEGREES(F5) -> 0.099998324
A6: 2 | B6: 4 | C6: 0.0174533 | D6: =DEGREES(C6) -> 1.0000004 | E6: =F5 -> 0.0017453 | F6: =E6+C6 -> 0.0191986 | G6: =DEGREES(F6) -> 1.0999988
A7: 3 | B7: 15 | C7: 0.0872665 | D7: =DEGREES(C7) -> 5.0000021 | E7: =F6 -> 0.0191986 | F7: =E7+C7 -> 0.1064651 | G7: =DEGREES(F7) -> 6.1000009
A8: 4 | B8: 26 | C8: 0.1745329 | D8: =DEGREES(C8) -> 9.9999986 | E8: =F7 -> 0.1064651 | F8: =E8+C8 -> 0.280998 | G8: =DEGREES(F8) -> 16.099999
A9: 5 | B9: 38 | C9: 0.3490659 | D9: =DEGREES(C9) -> 20.000003 | E9: =F8 -> 0.280998 | F9: =E9+C9 -> 0.6300639 | G9: =DEGREES(F9) -> 36.100002
A10: 6 | B10: 48 | C10: 0.5235988 | D10: =DEGREES(C10) -> 30.000001 | E10: =F9 -> 0.6300639 | F10: =E10+C10 -> 1.1536627 | G10: =DEGREES(F10) -> 66.100004
A11: 7 | B11: 58 | C11: 0.7853982 | D11: =DEGREES(C11) -> 45.000002 | E11: =F10 -> 1.1536627 | F11: =E11+C11 -> 1.9390609 | G11: =DEGREES(F11) -> 111.10001
A12: 8 | B12: 68 | C12: 1.0471976 | D12: =DEGREES(C12) -> 60.000003 | E12: =F11 -> 1.9390609 | F12: =E12+C12 -> 2.9862585 | G12: =DEGREES(F12) -> 171.10001
A13: 9 | B13: 78 | C13: 1.5707963 | D13: =DEGREES(C13) -> 89.999998 | E13: =F12 -> 2.9862585 | F13: =E13+C13 -> 4.5570548 | G13: =DEGREES(F13) -> 261.10001
A14: 10 | B14: 88 | C14: 2.268928 | D14: =DEGREES(C14) -> 130 | E14: =F13 -> 4.5570548 | F14: =E14+C14 -> 6.8259828 | G14: =DEGREES(F14) -> 391.10001

Sheet PID Leonard (1994)
A2: MÉTODO: PID Leonard (1994)
A4: N° salto | B4: Tiempo (s) | C4: Δr (rad) | D4: Δr (°) | E4: Valor anterior (rad) | F4: Nivel objetivo (rad) | G4: Pico observado (rad) | H4: Ts observado (s) | I4: Sobrepico (%) | J4: Nivel objetivo (°)
A5: =Datos_Escalon!A5 -> 1 | B5: =Datos_Escalon!B5 -> 1 | C5: =Datos_Escalon!C5 -> 0.0017453 | D5: =Datos_Escalon!D5 -> 0.099998324 | E5: =Datos_Escalon!E5 -> 0 | F5: =Datos_Escalon!F5 -> 0.0017453 | G5: 0.00189 | H5: 0.8988 | I5: =IFERROR((G5-F5)/C5*100,"") -> 8.2908383 | J5: =Datos_Escalon!G5 -> 0.099998324
A6: =Datos_Escalon!A6 -> 2 | B6: =Datos_Escalon!B6 -> 4 | C6: =Datos_Escalon!C6 -> 0.0174533 | D6: =Datos_Escalon!D6 -> 1.0000004 | E6: =Datos_Escalon!E6 -> 0.0017453 | F6: =Datos_Escalon!F6 -> 0.0191986 | G6: 0.0213 | H6: 1.7 | I6: =IFERROR((G6-F6)/C6*100,"") -> 12.04013 | J6: =Datos_Escalon!G6 -> 1.0999988
A7: =Datos_Escalon!A7 -> 3 | B7: =Datos_Escalon!B7 -> 15 | C7: =Datos_Escalon!C7 -> 0.0872665 | D7: =Datos_Escalon!D7 -> 5.0000021 | E7: =Datos_Escalon!E7 -> 0.0191986 | F7: =Datos_Escalon!F7 -> 0.1064651 | G7: 0.117 | H7: 2.1 | I7: =IFERROR((G7-F7)/C7*100,"") -> 12.072101 | J7: =Datos_Escalon!G7 -> 6.1000009
A8: =Datos_Escalon!A8 -> 4 | B8: =Datos_Escalon!B8 -> 26 | C8: =Datos_Escalon!C8 -> 0.1745329 | D8: =Datos_Escalon!D8 -> 9.9999986 | E8: =Datos_Escalon!E8 -> 0.1064651 | F8: =Datos_Escalon!F8 -> 0.280998 | G8: 0.3021 | H8: 2.5 | I8: =IFERROR((G8-F8)/C8*100,"") -> 12.090557 | J8: =Datos_Escalon!G8 -> 16.099999
A9: =Datos_Escalon!A9 -> 5 | B9: =Datos_Escalon!B9 -> 38 | C9: =Datos_Escalon!C9 -> 0.3490659 | D9: =Datos_Escalon!D9 -> 20.000003 | E9: =Datos_Escalon!E9 -> 0.280998 | F9: =Datos_Escalon!F9 -> 0.6300639 | G9: 0.6723 | H9: 2.7 | I9: =IFERROR((G9-F9)/C9*100,"") -> 12.09975 | J9: =Datos_Escalon!G9 -> 36.100002
A10: =Datos_Escalon!A10 -> 6 | B10: =Datos_Escalon!B10 -> 48 | C10: =Datos_Escalon!C10 -> 0.5235988 | D10: =Datos_Escalon!D10 -> 30.000001 | E10: =Datos_Escalon!E10 -> 0.6300639 | F10: =Datos_Escalon!F10 -> 1.1536627 | G10: 1.217 | H10: 2.7 | I10: =IFERROR((G10-F10)/C10*100,"") -> 12.096533 | J10: =Datos_Escalon!G10 -> 66.100004
A11: =Datos_Escalon!A11 -> 7 | B11: =Datos_Escalon!B11 -> 58 | C11: =Datos_Escalon!C11 -> 0.7853982 | D11: =Datos_Escalon!D11 -> 45.000002 | E11: =Datos_Escalon!E11 -> 1.1536627 | F11: =Datos_Escalon!F11 -> 1.9390609 | G11: 2.034 | H11: 2.7 | I11: =IFERROR((G11-F11)/C11*100,"") -> 12.088021 | J11: =Datos_Escalon!G11 -> 111.10001
A12: =Datos_Escalon!A12 -> 8 | B12: =Datos_Escalon!B12 -> 68 | C12: =Datos_Escalon!C12 -> 1.0471976 | D12: =Datos_Escalon!D12 -> 60.000003 | E12: =Datos_Escalon!E12 -> 1.9390609 | F12: =Datos_Escalon!F12 -> 2.9862585 | G12: 3.113 | H12: 2.8 | I12: =IFERROR((G12-F12)/C12*100,"") -> 12.102921 | J12: =Datos_Escalon!G12 -> 171.10001
A13: =Datos_Escalon!A13 -> 9 | B13: =Datos_Escalon!B13 -> 78 | C13: =Datos_Escalon!C13 -> 1.5707963 | D13: =Datos_Escalon!D13 -> 89.999998 | E13: =Datos_Escalon!E13 -> 2.9862585 | F13: =Datos_Escalon!F13 -> 4.5570548 | G13: 4.7471 | H13: 2.8 | I13: =IFERROR((G13-F13)/C13*100,"") -> 12.098653 | J13: =Datos_Escalon!G13 -> 261.10001
A14: =Datos_Escalon!A14 -> 10 | B14: =Datos_Escalon!B14 -> 88 | C14: =Datos_Escalon!C14 -> 2.268928 | D14: =Datos_Escalon!D14 -> 130 | E14: =Datos_Escalon!E14 -> 4.5570548 | F14: =Datos_Escalon!F14 -> 6.8259828 | G14: 7.0996 | H14: 2.8 | I14: =IFERROR((G14-F14)/C14*100,"") -> 12.059316 | J14: =Datos_Escalon!G14 -> 391.10001

Sheet PID Astrom y Hagglund
A2: MÉTODO: PID Astrom y Hagglund
A4: N° salto | B4: Tiempo (s) | C4: Δr (rad) | D4: Δr (°) | E4: Valor anterior (rad) | F4: Nivel objetivo (rad) | G4: Pico observado (rad) | H4: Ts observado (s) | I4: Sobrepico (%) | J4: Nivel objetivo (°)
A5: =Datos_Escalon!A5 -> 1 | B5: =Datos_Escalon!B5 -> 1 | C5: =Datos_Escalon!C5 -> 0.0017453 | D5: =Datos_Escalon!D5 -> 0.099998324 | E5: =Datos_Escalon!E5 -> 0 | F5: =Datos_Escalon!F5 -> 0.0017453 | G5: 0.0021 | H5: 0.8988 | I5: =IFERROR((G5-F5)/C5*100,"") -> 20.323154 | J5: =Datos_Escalon!G5 -> 0.099998324
A6: =Datos_Escalon!A6 -> 2 | B6: =Datos_Escalon!B6 -> 4 | C6: =Datos_Escalon!C6 -> 0.0174533 | D6: =Datos_Escalon!D6 -> 1.0000004 | E6: =Datos_Escalon!E6 -> 0.0017453 | F6: =Datos_Escalon!F6 -> 0.0191986 | G6: 0.0226 | H6: 1.4 | I6: =IFERROR((G6-F6)/C6*100,"") -> 19.488578 | J6: =Datos_Escalon!G6 -> 1.0999988
A7: =Datos_Escalon!A7 -> 3 | B7: =Datos_Escalon!B7 -> 15 | C7: =Datos_Escalon!C7 -> 0.0872665 | D7: =Datos_Escalon!D7 -> 5.0000021 | E7: =Datos_Escalon!E7 -> 0.0191986 | F7: =Datos_Escalon!F7 -> 0.1064651 | G7: 0.1233 | H7: 1.5 | I7: =IFERROR((G7-F7)/C7*100,"") -> 19.291366 | J7: =Datos_Escalon!G7 -> 6.1000009
A8: =Datos_Escalon!A8 -> 4 | B8: =Datos_Escalon!B8 -> 26 | C8: =Datos_Escalon!C8 -> 0.1745329 | D8: =Datos_Escalon!D8 -> 9.9999986 | E8: =Datos_Escalon!E8 -> 0.1064651 | F8: =Datos_Escalon!F8 -> 0.280998 | G8: 0.3143 | H8: 1.6 | I8: =IFERROR((G8-F8)/C8*100,"") -> 19.080643 | J8: =Datos_Escalon!G8 -> 16.099999
A9: =Datos_Escalon!A9 -> 5 | B9: =Datos_Escalon!B9 -> 38 | C9: =Datos_Escalon!C9 -> 0.3490659 | D9: =Datos_Escalon!D9 -> 20.000003 | E9: =Datos_Escalon!E9 -> 0.280998 | F9: =Datos_Escalon!F9 -> 0.6300639 | G9: 0.6967 | H9: 1.6 | I9: =IFERROR((G9-F9)/C9*100,"") -> 19.089834 | J9: =Datos_Escalon!G9 -> 36.100002
A10: =Datos_Escalon!A10 -> 6 | B10: =Datos_Escalon!B10 -> 48 | C10: =Datos_Escalon!C10 -> 0.5235988 | D10: =Datos_Escalon!D10 -> 30.000001 | E10: =Datos_Escalon!E10 -> 0.6300639 | F10: =Datos_Escalon!F10 -> 1.1536627 | G10: 1.2537 | H10: 1.6 | I10: =IFERROR((G10-F10)/C10*100,"") -> 19.105716 | J10: =Datos_Escalon!G10 -> 66.100004
A11: =Datos_Escalon!A11 -> 7 | B11: =Datos_Escalon!B11 -> 58 | C11: =Datos_Escalon!C11 -> 0.7853982 | D11: =Datos_Escalon!D11 -> 45.000002 | E11: =Datos_Escalon!E11 -> 1.1536627 | F11: =Datos_Escalon!F11 -> 1.9390609 | G11: 2.089 | H11: 1.6 | I11: =IFERROR((G11-F11)/C11*100,"") -> 19.090838 | J11: =Datos_Escalon!G11 -> 111.10001
A12: =Datos_Escalon!A12 -> 8 | B12: =Datos_Escalon!B12 -> 68 | C12: =Datos_Escalon!C12 -> 1.0471976 | D12: =Datos_Escalon!D12 -> 60.000003 | E12: =Datos_Escalon!E12 -> 1.9390609 | F12: =Datos_Escalon!F12 -> 2.9862585 | G12: 3.1854 | H12: 1.7 | I12: =IFERROR((G12-F12)/C12*100,"") -> 19.016612 | J12: =Datos_Escalon!G12 -> 171.10001
A13: =Datos_Escalon!A13 -> 9 | B13: =Datos_Escalon!B13 -> 78 | C13: =Datos_Escalon!C13 -> 1.5707963 | D13: =Datos_Escalon!D13 -> 89.999998 | E13: =Datos_Escalon!E13 -> 2.9862585 | F13: =Datos_Escalon!F13 -> 4.5570548 | G13: 4.857 | H13: 1.7 | I13: =IFERROR((G13-F13)/C13*100,"") -> 19.095105 | J13: =Datos_Escalon!G13 -> 261.10001
A14: =Datos_Escalon!A14 -> 10 | B14: =Datos_Escalon!B14 -> 88 | C14: =Datos_Escalon!C14 -> 2.268928 | D14: =Datos_Escalon!D14 -> 130 | E14: =Datos_Escalon!E14 -> 4.5570548 | F14: =Datos_Escalon!F14 -> 6.8259828 | G14: 7.2572 | H14: 1.7 | I14: =IFERROR((G14-F14)/C14*100,"") -> 19.005328 | J14: =Datos_Escalon!G14 -> 391.10001

Sheet PID Cluett y Wang (TCL)
A2: MÉTODO: PID Cluett y Wang (TCL)
A4: N° salto | B4: Tiempo (s) | C4: Δr (rad) | D4: Δr (°) | E4: Valor anterior (rad) | F4: Nivel objetivo (rad) | G4: Pico observado (rad) | H4: Ts observado (s) | I4: Sobrepico (%) | J4: Nivel objetivo (°)
A5: =Datos_Escalon!A5 -> 1 | B5: =Datos_Escalon!B5 -> 1 | C5: =Datos_Escalon!C5 -> 0.0017453 | D5: =Datos_Escalon!D5 -> 0.099998324 | E5: =Datos_Escalon!E5 -> 0 | F5: =Datos_Escalon!F5 -> 0.0017453 | G5: 0.0021 | H5: 1.3994 | I5: =IFERROR((G5-F5)/C5*100,"") -> 20.323154 | J5: =Datos_Escalon!G5 -> 0.099998324
A6: =Datos_Escalon!A6 -> 2 | B6: =Datos_Escalon!B6 -> 4 | C6: =Datos_Escalon!C6 -> 0.0174533 | D6: =Datos_Escalon!D6 -> 1.0000004 | E6: =Datos_Escalon!E6 -> 0.0017453 | F6: =Datos_Escalon!F6 -> 0.0191986 | G6: 0.0225 | H6: 2.2 | I6: =IFERROR((G6-F6)/C6*100,"") -> 18.915621 | J6: =Datos_Escalon!G6 -> 1.0999988
A7: =Datos_Escalon!A7 -> 3 | B7: =Datos_Escalon!B7 -> 15 | C7: =Datos_Escalon!C7 -> 0.0872665 | D7: =Datos_Escalon!D7 -> 5.0000021 | E7: =Datos_Escalon!E7 -> 0.0191986 | F7: =Datos_Escalon!F7 -> 0.1064651 | G7: 0.1228 | H7: 2.25 | I7: =IFERROR((G7-F7)/C7*100,"") -> 18.718409 | J7: =Datos_Escalon!G7 -> 6.1000009
A8: =Datos_Escalon!A8 -> 4 | B8: =Datos_Escalon!B8 -> 26 | C8: =Datos_Escalon!C8 -> 0.1745329 | D8: =Datos_Escalon!D8 -> 9.9999986 | E8: =Datos_Escalon!E8 -> 0.1064651 | F8: =Datos_Escalon!F8 -> 0.280998 | G8: 0.3136 | H8: 2.5 | I8: =IFERROR((G8-F8)/C8*100,"") -> 18.679573 | J8: =Datos_Escalon!G8 -> 16.099999
A9: =Datos_Escalon!A9 -> 5 | B9: =Datos_Escalon!B9 -> 38 | C9: =Datos_Escalon!C9 -> 0.3490659 | D9: =Datos_Escalon!D9 -> 20.000003 | E9: =Datos_Escalon!E9 -> 0.280998 | F9: =Datos_Escalon!F9 -> 0.6300639 | G9: 0.6953 | H9: 2.7 | I9: =IFERROR((G9-F9)/C9*100,"") -> 18.688763 | J9: =Datos_Escalon!G9 -> 36.100002
A10: =Datos_Escalon!A10 -> 6 | B10: =Datos_Escalon!B10 -> 48 | C10: =Datos_Escalon!C10 -> 0.5235988 | D10: =Datos_Escalon!D10 -> 30.000001 | E10: =Datos_Escalon!E10 -> 0.6300639 | F10: =Datos_Escalon!F10 -> 1.1536627 | G10: 1.2515 | H10: 2.7 | I10: =IFERROR((G10-F10)/C10*100,"") -> 18.685547 | J10: =Datos_Escalon!G10 -> 66.100004
A11: =Datos_Escalon!A11 -> 7 | B11: =Datos_Escalon!B11 -> 58 | C11: =Datos_Escalon!C11 -> 0.7853982 | D11: =Datos_Escalon!D11 -> 45.000002 | E11: =Datos_Escalon!E11 -> 1.1536627 | F11: =Datos_Escalon!F11 -> 1.9390609 | G11: 2.0858 | H11: 2.7 | I11: =IFERROR((G11-F11)/C11*100,"") -> 18.683402 | J11: =Datos_Escalon!G11 -> 111.10001
A12: =Datos_Escalon!A12 -> 8 | B12: =Datos_Escalon!B12 -> 68 | C12: =Datos_Escalon!C12 -> 1.0471976 | D12: =Datos_Escalon!D12 -> 60.000003 | E12: =Datos_Escalon!E12 -> 1.9390609 | F12: =Datos_Escalon!F12 -> 2.9862585 | G12: 3.1819 | H12: 2.8 | I12: =IFERROR((G12-F12)/C12*100,"") -> 18.682386 | J12: =Datos_Escalon!G12 -> 171.10001
A13: =Datos_Escalon!A13 -> 9 | B13: =Datos_Escalon!B13 -> 78 | C13: =Datos_Escalon!C13 -> 1.5707963 | D13: =Datos_Escalon!D13 -> 89.999998 | E13: =Datos_Escalon!E13 -> 2.9862585 | F13: =Datos_Escalon!F13 -> 4.5570548 | G13: 4.8505 | H13: 2.8 | I13: =IFERROR((G13-F13)/C13*100,"") -> 18.681302 | J13: =Datos_Escalon!G13 -> 261.10001
A14: =Datos_Escalon!A14 -> 10 | B14: =Datos_Escalon!B14 -> 88 | C14: =Datos_Escalon!C14 -> 2.268928 | D14: =Datos_Escalon!D14 -> 130 | E14: =Datos_Escalon!E14 -> 4.5570548 | F14: =Datos_Escalon!F14 -> 6.8259828 | G14: 7.2498 | H14: 2.8 | I14: =IFERROR((G14-F14)/C14*100,"") -> 18.679182 | J14: =Datos_Escalon!G14 -> 391.10001

Sheet Asignacion de Polos
A2: MÉTODO: Asignacion de Polos
A4: N° salto | B4: Tiempo (s) | C4: Δr (rad) | D4: Δr (°) | E4: Valor anterior (rad) | F4: Nivel objetivo (rad) | G4: Pico observado (rad) | H4: Ts observado (s) | I4: Sobrepico (%) | J4: Nivel objetivo (°)
A5: =Datos_Escalon!A5 -> 1 | B5: =Datos_Escalon!B5 -> 1 | C5: =Datos_Escalon!C5 -> 0.0017453 | D5: =Datos_Escalon!D5 -> 0.099998324 | E5: =Datos_Escalon!E5 -> 0 | F5: =Datos_Escalon!F5 -> 0.0017453 | G5: 0.0018 | H5: 9.2 | I5: =IFERROR((G5-F5)/C5*100,"") -> 3.1341317 | J5: =Datos_Escalon!G5 -> 0.099998324
A6: =Datos_Escalon!A6 -> 2 | B6: =Datos_Escalon!B6 -> 4 | C6: =Datos_Escalon!C6 -> 0.0174533 | D6: =Datos_Escalon!D6 -> 1.0000004 | E6: =Datos_Escalon!E6 -> 0.0017453 | F6: =Datos_Escalon!F6 -> 0.0191986 | G6: 0.0197 | H6: 9.29 | I6: =IFERROR((G6-F6)/C6*100,"") -> 2.8728092 | J6: =Datos_Escalon!G6 -> 1.0999988
A7: =Datos_Escalon!A7 -> 3 | B7: =Datos_Escalon!B7 -> 15 | C7: =Datos_Escalon!C7 -> 0.0872665 | D7: =Datos_Escalon!D7 -> 5.0000021 | E7: =Datos_Escalon!E7 -> 0.0191986 | F7: =Datos_Escalon!F7 -> 0.1064651 | G7: 0.1086 | H7: 12 | I7: =IFERROR((G7-F7)/C7*100,"") -> 2.4464141 | J7: =Datos_Escalon!G7 -> 6.1000009
A8: =Datos_Escalon!A8 -> 4 | B8: =Datos_Escalon!B8 -> 26 | C8: =Datos_Escalon!C8 -> 0.1745329 | D8: =Datos_Escalon!D8 -> 9.9999986 | E8: =Datos_Escalon!E8 -> 0.1064651 | F8: =Datos_Escalon!F8 -> 0.280998 | G8: 0.2848 | H8: 12 | I8: =IFERROR((G8-F8)/C8*100,"") -> 2.1783859 | J8: =Datos_Escalon!G8 -> 16.099999
A9: =Datos_Escalon!A9 -> 5 | B9: =Datos_Escalon!B9 -> 38 | C9: =Datos_Escalon!C9 -> 0.3490659 | D9: =Datos_Escalon!D9 -> 20.000003 | E9: =Datos_Escalon!E9 -> 0.280998 | F9: =Datos_Escalon!F9 -> 0.6300639 | G9: 0.6392 | H9: 12 | I9: =IFERROR((G9-F9)/C9*100,"") -> 2.6172995 | J9: =Datos_Escalon!G9 -> 36.100002
A10: =Datos_Escalon!A10 -> 6 | B10: =Datos_Escalon!B10 -> 48 | C10: =Datos_Escalon!C10 -> 0.5235988 | D10: =Datos_Escalon!D10 -> 30.000001 | E10: =Datos_Escalon!E10 -> 0.6300639 | F10: =Datos_Escalon!F10 -> 1.1536627 | G10: 1.1679 | H10: 13 | I10: =IFERROR((G10-F10)/C10*100,"") -> 2.7191239 | J10: =Datos_Escalon!G10 -> 66.100004
A11: =Datos_Escalon!A11 -> 7 | B11: =Datos_Escalon!B11 -> 58 | C11: =Datos_Escalon!C11 -> 0.7853982 | D11: =Datos_Escalon!D11 -> 45.000002 | E11: =Datos_Escalon!E11 -> 1.1536627 | F11: =Datos_Escalon!F11 -> 1.9390609 | G11: 1.9606 | H11: 13 | I11: =IFERROR((G11-F11)/C11*100,"") -> 2.7424433 | J11: =Datos_Escalon!G11 -> 111.10001
A12: =Datos_Escalon!A12 -> 8 | B12: =Datos_Escalon!B12 -> 68 | C12: =Datos_Escalon!C12 -> 1.0471976 | D12: =Datos_Escalon!D12 -> 60.000003 | E12: =Datos_Escalon!E12 -> 1.9390609 | F12: =Datos_Escalon!F12 -> 2.9862585 | G12: 3.0153 | H12: 14 | I12: =IFERROR((G12-F12)/C12*100,"") -> 2.7732588 | J12: =Datos_Escalon!G12 -> 171.10001
A13: =Datos_Escalon!A13 -> 9 | B13: =Datos_Escalon!B13 -> 78 | C13: =Datos_Escalon!C13 -> 1.5707963 | D13: =Datos_Escalon!D13 -> 89.999998 | E13: =Datos_Escalon!E13 -> 2.9862585 | F13: =Datos_Escalon!F13 -> 4.5570548 | G13: 4.6001 | H13: 14 | I13: =IFERROR((G13-F13)/C13*100,"") -> 2.7403426 | J13: =Datos_Escalon!G13 -> 261.10001
A14: =Datos_Escalon!A14 -> 10 | B14: =Datos_Escalon!B14 -> 88 | C14: =Datos_Escalon!C14 -> 2.268928 | D14: =Datos_Escalon!D14 -> 130 | E14: =Datos_Escalon!E14 -> 4.5570548 | F14: =Datos_Escalon!F14 -> 6.8259828 | G14: 6.8886 | H14: 14 | I14: =IFERROR((G14-F14)/C14*100,"") -> 2.7597703 | J14: =Datos_Escalon!G14 -> 391.10001

Sheet Metodo Rele e=1
A2: MÉTODO: Metodo Rele e=1
A4: N° salto | B4: Tiempo (s) | C4: Δr (rad) | D4: Δr (°) | E4: Valor anterior (rad) | F4: Nivel objetivo (rad) | G4: Pico observado (rad) | H4: Ts observado (s) | I4: Sobrepico (%) | J4: Nivel objetivo (°)
A5: =Datos_Escalon!A5 -> 1 | B5: =Datos_Escalon!B5 -> 1 | C5: =Datos_Escalon!C5 -> 0.0017453 | D5: =Datos_Escalon!D5 -> 0.099998324 | E5: =Datos_Escalon!E5 -> 0 | F5: =Datos_Escalon!F5 -> 0.0017453 | G5: 0.0017459 | H5: 0.5 | I5: =IFERROR((G5-F5)/C5*100,"") -> 0.034378044 | J5: =Datos_Escalon!G5 -> 0.099998324
A6: =Datos_Escalon!A6 -> 2 | B6: =Datos_Escalon!B6 -> 4 | C6: =Datos_Escalon!C6 -> 0.0174533 | D6: =Datos_Escalon!D6 -> 1.0000004 | E6: =Datos_Escalon!E6 -> 0.0017453 | F6: =Datos_Escalon!F6 -> 0.0191986 | G6: 0.019205 | H6: 0.5 | I6: =IFERROR((G6-F6)/C6*100,"") -> 0.036669283 | J6: =Datos_Escalon!G6 -> 1.0999988
A7: =Datos_Escalon!A7 -> 3 | B7: =Datos_Escalon!B7 -> 15 | C7: =Datos_Escalon!C7 -> 0.0872665 | D7: =Datos_Escalon!D7 -> 5.0000021 | E7: =Datos_Escalon!E7 -> 0.0191986 | F7: =Datos_Escalon!F7 -> 0.1064651 | G7: 0.1065 | H7: 0.6 | I7: =IFERROR((G7-F7)/C7*100,"") -> 0.039992437 | J7: =Datos_Escalon!G7 -> 6.1000009
A8: =Datos_Escalon!A8 -> 4 | B8: =Datos_Escalon!B8 -> 26 | C8: =Datos_Escalon!C8 -> 0.1745329 | D8: =Datos_Escalon!D8 -> 9.9999986 | E8: =Datos_Escalon!E8 -> 0.1064651 | F8: =Datos_Escalon!F8 -> 0.280998 | G8: 0.2811 | H8: 0.6 | I8: =IFERROR((G8-F8)/C8*100,"") -> 0.058441704 | J8: =Datos_Escalon!G8 -> 16.099999
A9: =Datos_Escalon!A9 -> 5 | B9: =Datos_Escalon!B9 -> 38 | C9: =Datos_Escalon!C9 -> 0.3490659 | D9: =Datos_Escalon!D9 -> 20.000003 | E9: =Datos_Escalon!E9 -> 0.280998 | F9: =Datos_Escalon!F9 -> 0.6300639 | G9: 0.6302 | H9: 0.6 | I9: =IFERROR((G9-F9)/C9*100,"") -> 0.038989772 | J9: =Datos_Escalon!G9 -> 36.100002
A10: =Datos_Escalon!A10 -> 6 | B10: =Datos_Escalon!B10 -> 48 | C10: =Datos_Escalon!C10 -> 0.5235988 | D10: =Datos_Escalon!D10 -> 30.000001 | E10: =Datos_Escalon!E10 -> 0.6300639 | F10: =Datos_Escalon!F10 -> 1.1536627 | G10: 1.1539 | H10: 0.65 | I10: =IFERROR((G10-F10)/C10*100,"") -> 0.045320959 | J10: =Datos_Escalon!G10 -> 66.100004
A11: =Datos_Escalon!A11 -> 7 | B11: =Datos_Escalon!B11 -> 58 | C11: =Datos_Escalon!C11 -> 0.7853982 | D11: =Datos_Escalon!D11 -> 45.000002 | E11: =Datos_Escalon!E11 -> 1.1536627 | F11: =Datos_Escalon!F11 -> 1.9390609 | G11: 1.9394 | H11: 0.65 | I11: =IFERROR((G11-F11)/C11*100,"") -> 0.043175551 | J11: =Datos_Escalon!G11 -> 111.10001
A12: =Datos_Escalon!A12 -> 8 | B12: =Datos_Escalon!B12 -> 68 | C12: =Datos_Escalon!C12 -> 1.0471976 | D12: =Datos_Escalon!D12 -> 60.000003 | E12: =Datos_Escalon!E12 -> 1.9390609 | F12: =Datos_Escalon!F12 -> 2.9862585 | G12: 2.9867 | H12: 0.7 | I12: =IFERROR((G12-F12)/C12*100,"") -> 0.042160142 | J12: =Datos_Escalon!G12 -> 171.10001
A13: =Datos_Escalon!A13 -> 9 | B13: =Datos_Escalon!B13 -> 78 | C13: =Datos_Escalon!C13 -> 1.5707963 | D13: =Datos_Escalon!D13 -> 89.999998 | E13: =Datos_Escalon!E13 -> 2.9862585 | F13: =Datos_Escalon!F13 -> 4.5570548 | G13: 4.5578 | H13: 0.7 | I13: =IFERROR((G13-F13)/C13*100,"") -> 0.047440906 | J13: =Datos_Escalon!G13 -> 261.10001
A14: =Datos_Escalon!A14 -> 10 | B14: =Datos_Escalon!B14 -> 88 | C14: =Datos_Escalon!C14 -> 2.268928 | D14: =Datos_Escalon!D14 -> 130 | E14: =Datos_Escalon!E14 -> 4.5570548 | F14: =Datos_Escalon!F14 -> 6.8259828 | G14: 6.8271 | H14: 0.7 | I14: =IFERROR((G14-F14)/C14*100,"") -> 0.049239112 | J14: =Datos_Escalon!G14 -> 391.10001

Sheet Resumen
A1: RESUMEN COMPARATIVO — SOBREPICO Y Ts POR SALTO Y MÉTODO
D3: PID Leonard (1994) | F3: PID Cluett y Wang (TCL) | H3: PID Astrom y Hagglund | J3: Asignacion de Polos | L3: Metodo Rele e=1
D4: Sobrepico (%) | E4: Ts (s) | F4: Sobrepico (%) | G4: Ts (s) | H4: Sobrepico (%) | I4: Ts (s) | J4: Sobrepico (%) | K4: Ts (s) | L4: Sobrepico (%) | M4: Ts (s)
A5: =Datos_Escalon!A5 -> 1 | B5: =Datos_Escalon!B5 -> 1 | C5: =Datos_Escalon!D5 -> 0.099998324 | D5: =IFERROR('PID Leonard (1994)'!I5,"") -> 8.2908383 | E5: =IFERROR('PID Leonard (1994)'!H5,"") -> 0.8988 | F5: =IFERROR('PID Cluett y Wang (TCL)'!I5,"") -> 20.323154 | G5: =IFERROR('PID Cluett y Wang (TCL)'!H5,"") -> 1.3994 | H5: =IFERROR('PID Astrom y Hagglund'!I5,"") -> 20.323154 | I5: =IFERROR('PID Astrom y Hagglund'!H5,"") -> 0.8988 | J5: =IFERROR('Asignacion de Polos'!I5,"") -> 3.1341317 | K5: =IFERROR('Asignacion de Polos'!H5,"") -> 9.2 | L5: =IFERROR('Metodo Rele e=1'!I5,"") -> 0.034378044 | M5: =IFERROR('Metodo Rele e=1'!H5,"") -> 0.5
A6: =Datos_Escalon!A6 -> 2 | B6: =Datos_Escalon!B6 -> 4 | C6: =Datos_Escalon!D6 -> 1.0000004 | D6: =IFERROR('PID Leonard (1994)'!I6,"") -> 12.04013 | E6: =IFERROR('PID Leonard (1994)'!H6,"") -> 1.7 | F6: =IFERROR('PID Cluett y Wang (TCL)'!I6,"") -> 18.915621 | G6: =IFERROR('PID Cluett y Wang (TCL)'!H6,"") -> 2.2 | H6: =IFERROR('PID Astrom y Hagglund'!I6,"") -> 19.488578 | I6: =IFERROR('PID Astrom y Hagglund'!H6,"") -> 1.4 | J6: =IFERROR('Asignacion de Polos'!I6,"") -> 2.8728092 | K6: =IFERROR('Asignacion de Polos'!H6,"") -> 9.29 | L6: =IFERROR('Metodo Rele e=1'!I6,"") -> 0.036669283 | M6: =IFERROR('Metodo Rele e=1'!H6,"") -> 0.5
A7: =Datos_Escalon!A7 -> 3 | B7: =Datos_Escalon!B7 -> 15 | C7: =Datos_Escalon!D7 -> 5.0000021 | D7: =IFERROR('PID Leonard (1994)'!I7,"") -> 12.072101 | E7: =IFERROR('PID Leonard (1994)'!H7,"") -> 2.1 | F7: =IFERROR('PID Cluett y Wang (TCL)'!I7,"") -> 18.718409 | G7: =IFERROR('PID Cluett y Wang (TCL)'!H7,"") -> 2.25 | H7: =IFERROR('PID Astrom y Hagglund'!I7,"") -> 19.291366 | I7: =IFERROR('PID Astrom y Hagglund'!H7,"") -> 1.5 | J7: =IFERROR('Asignacion de Polos'!I7,"") -> 2.4464141 | K7: =IFERROR('Asignacion de Polos'!H7,"") -> 12 | L7: =IFERROR('Metodo Rele e=1'!I7,"") -> 0.039992437 | M7: =IFERROR('Metodo Rele e=1'!H7,"") -> 0.6
A8: =Datos_Escalon!A8 -> 4 | B8: =Datos_Escalon!B8 -> 26 | C8: =Datos_Escalon!D8 -> 9.9999986 | D8: =IFERROR('PID Leonard (1994)'!I8,"") -> 12.090557 | E8: =IFERROR('PID Leonard (1994)'!H8,"") -> 2.5 | F8: =IFERROR('PID Cluett y Wang (TCL)'!I8,"") -> 18.679573 | G8: =IFERROR('PID Cluett y Wang (TCL)'!H8,"") -> 2.5 | H8: =IFERROR('PID Astrom y Hagglund'!I8,"") -> 19.080643 | I8: =IFERROR('PID Astrom y Hagglund'!H8,"") -> 1.6 | J8: =IFERROR('Asignacion de Polos'!I8,"") -> 2.1783859 | K8: =IFERROR('Asignacion de Polos'!H8,"") -> 12 | L8: =IFERROR('Metodo Rele e=1'!I8,"") -> 0.058441704 | M8: =IFERROR('Metodo Rele e=1'!H8,"") -> 0.6
A9: =Datos_Escalon!A9 -> 5 | B9: =Datos_Escalon!B9 -> 38 | C9: =Datos_Escalon!D9 -> 20.000003 | D9: =IFERROR('PID Leonard (1994)'!I9,"") -> 12.09975 | E9: =IFERROR('PID Leonard (1994)'!H9,"") -> 2.7 | F9: =IFERROR('PID Cluett y Wang (TCL)'!I9,"") -> 18.688763 | G9: =IFERROR('PID Cluett y Wang (TCL)'!H9,"") -> 2.7 | H9: =IFERROR('PID Astrom y Hagglund'!I9,"") -> 19.089834 | I9: =IFERROR('PID Astrom y Hagglund'!H9,"") -> 1.6 | J9: =IFERROR('Asignacion de Polos'!I9,"") -> 2.6172995 | K9: =IFERROR('Asignacion de Polos'!H9,"") -> 12 | L9: =IFERROR('Metodo Rele e=1'!I9,"") -> 0.038989772 | M9: =IFERROR('Metodo Rele e=1'!H9,"") -> 0.6
A10: =Datos_Escalon!A10 -> 6 | B10: =Datos_Escalon!B10 -> 48 | C10: =Datos_Escalon!D10 -> 30.000001 | D10: =IFERROR('PID Leonard (1994)'!I10,"") -> 12.096533 | E10: =IFERROR('PID Leonard (1994)'!H10,"") -> 2.7 | F10: =IFERROR('PID Cluett y Wang (TCL)'!I10,"") -> 18.685547 | G10: =IFERROR('PID Cluett y Wang (TCL)'!H10,"") -> 2.7 | H10: =IFERROR('PID Astrom y Hagglund'!I10,"") -> 19.105716 | I10: =IFERROR('PID Astrom y Hagglund'!H10,"") -> 1.6 | J10: =IFERROR('Asignacion de Polos'!I10,"") -> 2.7191239 | K10: =IFERROR('Asignacion de Polos'!H10,"") -> 13 | L10: =IFERROR('Metodo Rele e=1'!I10,"") -> 0.045320959 | M10: =IFERROR('Metodo Rele e=1'!H10,"") -> 0.65
A11: =Datos_Escalon!A11 -> 7 | B11: =Datos_Escalon!B11 -> 58 | C11: =Datos_Escalon!D11 -> 45.000002 | D11: =IFERROR('PID Leonard (1994)'!I11,"") -> 12.088021 | E11: =IFERROR('PID Leonard (1994)'!H11,"") -> 2.7 | F11: =IFERROR('PID Cluett y Wang (TCL)'!I11,"") -> 18.683402 | G11: =IFERROR('PID Cluett y Wang (TCL)'!H11,"") -> 2.7 | H11: =IFERROR('PID Astrom y Hagglund'!I11,"") -> 19.090838 | I11: =IFERROR('PID Astrom y Hagglund'!H11,"") -> 1.6 | J11: =IFERROR('Asignacion de Polos'!I11,"") -> 2.7424433 | K11: =IFERROR('Asignacion de Polos'!H11,"") -> 13 | L11: =IFERROR('Metodo Rele e=1'!I11,"") -> 0.043175551 | M11: =IFERROR('Metodo Rele e=1'!H11,"") -> 0.65
A12: =Datos_Escalon!A12 -> 8 | B12: =Datos_Escalon!B12 -> 68 | C12: =Datos_Escalon!D12 -> 60.000003 | D12: =IFERROR('PID Leonard (1994)'!I12,"") -> 12.102921 | E12: =IFERROR('PID Leonard (1994)'!H12,"") -> 2.8 | F12: =IFERROR('PID Cluett y Wang (TCL)'!I12,"") -> 18.682386 | G12: =IFERROR('PID Cluett y Wang (TCL)'!H12,"") -> 2.8 | H12: =IFERROR('PID Astrom y Hagglund'!I12,"") -> 19.016612 | I12: =IFERROR('PID Astrom y Hagglund'!H12,"") -> 1.7 | J12: =IFERROR('Asignacion de Polos'!I12,"") -> 2.7732588 | K12: =IFERROR('Asignacion de Polos'!H12,"") -> 14 | L12: =IFERROR('Metodo Rele e=1'!I12,"") -> 0.042160142 | M12: =IFERROR('Metodo Rele e=1'!H12,"") -> 0.7
A13: =Datos_Escalon!A13 -> 9 | B13: =Datos_Escalon!B13 -> 78 | C13: =Datos_Escalon!D13 -> 89.999998 | D13: =IFERROR('PID Leonard (1994)'!I13,"") -> 12.098653 | E13: =IFERROR('PID Leonard (1994)'!H13,"") -> 2.8 | F13: =IFERROR('PID Cluett y Wang (TCL)'!I13,"") -> 18.681302 | G13: =IFERROR('PID Cluett y Wang (TCL)'!H13,"") -> 2.8 | H13: =IFERROR('PID Astrom y Hagglund'!I13,"") -> 19.095105 | I13: =IFERROR('PID Astrom y Hagglund'!H13,"") -> 1.7 | J13: =IFERROR('Asignacion de Polos'!I13,"") -> 2.7403426 | K13: =IFERROR('Asignacion de Polos'!H13,"") -> 14 | L13: =IFERROR('Metodo Rele e=1'!I13,"") -> 0.047440906 | M13: =IFERROR('Metodo Rele e=1'!H13,"") -> 0.7
A14: =Datos_Escalon!A14 -> 10 | B14: =Datos_Escalon!B14 -> 88 | C14: =Datos_Escalon!D14 -> 130 | D14: =IFERROR('PID Leonard (1994)'!I14,"") -> 12.059316 | E14: =IFERROR('PID Leonard (1994)'!H14,"") -> 2.8 | F14: =IFERROR('PID Cluett y Wang (TCL)'!I14,"") -> 18.679182 | G14: =IFERROR('PID Cluett y Wang (TCL)'!H14,"") -> 2.8 | H14: =IFERROR('PID Astrom y Hagglund'!I14,"") -> 19.005328 | I14: =IFERROR('PID Astrom y Hagglund'!H14,"") -> 1.7 | J14: =IFERROR('Asignacion de Polos'!I14,"") -> 2.7597703 | K14: =IFERROR('Asignacion de Polos'!H14,"") -> 14 | L14: =IFERROR('Metodo Rele e=1'!I14,"") -> 0.049239112 | M14: =IFERROR('Metodo Rele e=1'!H14,"") -> 0.7
